Bad_phrases,Comma
2 girls 1 cup,
alabama hot pocket,
alaskan pipeline,
anal impaler,
anal leakage,
ass fuck,
ass hole,
auto erotic,
baby batter,
baby juice,
ball gag,
ball gravy,
ball kicking,
ball licking,
ball sack,
ball sucking,
bang (one's) box,
barely legal,
batty boy,
beaver cleaver,
beaver lips,
beef curtain,
beef curtains,
big black,
big breasts,
big knockers,
big tits,
bitch tit,
black cock,
blonde action,
blonde on blonde action,
bloody hell,
blow job,
blow me,
blow mud,
blow your load,
blue waffle,
booty call,
brown showers,
brunette action,
bull shit,
bullet vibe,
bum boy,
bung hole,
bunny fucker,
bust a load,
butt fuck,
butt plug,
camel toe,
carpet muncher,
chi-chi man,
chick with a dick,
choc ice,
chocolate rosebuds,
chota bags,
cleveland steamer,
clit licker,
clitty litter,
clover clamps,
cock pocket,
cock snot,
cock sucker,
coffin dodger,
cop some wood,
corp whore,
cum chugger,
cum dumpster,
cum freak,
cum guzzler,
cunt hair,
cut rope,
date rape,
deep throat,
dick head,
dick hole,
dick shy,
dirty pillows,
dirty sanchez,
dog style,
doggie style,
doggy style,
donkey punch,
double dong,
double penetration,
dp action,
dry hump,
dumb ass,
eat a dick,
eat hair pie,
eat my ass,
f u c k,
f u c k e r,
female squirting,
fist fuck,
flog the log,
foot fetish,
fuck buttons,
fuck hole,
Fuck off,
fuck puppet,
fuck trophy,
fuck yo mama,
fuck you,
fudge packer,
gang bang,
gassy ass,
gay sex,
gender bender,
giant cock,
girl on,
girl on top,
girls gone wild,
god damn,
golden shower,
goo girl,
group sex,
ham flap,
hand job,
hard core,
hard on,
holy shit,
hot carl,
hot chick,
how to kill,
how to murdep,
how to murder,
huge fat,
iberian slap,
jack off,
jail bait,
jelly donut,
jerk off,
jungle bunny,
knob end,
leather restraint,
leather straight jacket,
lemon party,
make me come,
male squirting,
menage a trois,
middle finger,
missionary position,
moo moo foo foo,
mother fucker,
mound of venus,
mr hands,
muff diver,
muff puff,
need the dick,
nig nog,
nob jokey,
nsfw images,
nut butter,
nut sack,
old bag,
one cup two girls,
one guy one jar,
phone sex,
piece of shit,
piss off,
piss pig,
pissed off,
pleasure chest,
pole smoker,
poop chute,
porch monkey,
prince albert piercing,
pussy fart,
pussy palace,
raging boner,
reverse cowgirl,
rosy palm,
rosy palm and her 5 sisters,
rusty trombone,
s hit,
sand nigger,
sausage queen,
shaved beaver,
shaved pussy,
shirt lifter,
shit ass,
shit fucker,
slut bucket,
sod off,
son of a bitch,
son of a motherless goat,
son of a whore,
splooge moose,
spread legs,
strap on,
strip club,
style doggy,
suicide girls,
sultry women,
tainted love,
taking the piss,
taste my,
tea bagging,
tied up,
tight white,
tit wank,
tongue in a,
tub girl,
two fingers,
two fingers with tongue,
two girls one cup,
urethra play,
venus mound,
violet wand,
wet dream,
white power,
window licker,
wrapping men,
wrinkled starfish,
yellow showers,