username,submission_datetime,image_url
Frogurt,2021-01-02 10:09:34,Photo 3101.jpg
Frogurt,2018-09-29 16:39:17,Photo 3102 pg1.jpg
XiChi,2019-12-07 03:02:25,Photo 3102 pg2.jpg
Holmes,2016-06-11 16:06:57,Photo 3103 pg1.jpg
PenDragon,2018-05-08 13:30:14,Photo 3103 pg2.jpg
Chickpea,2017-06-17 22:28:13,Photo 3104 pg1.jpg
XiChi,2019-11-30 09:03:37,Photo 3104 pg2.jpg
Chickpea,2018-02-15 14:40:55,Photo 3105.jpg
YoungBlood,2018-03-19 22:42:49,Photo 3106.jpg
Chickpea,2021-04-22 18:01:17,Photo 3107 pg1.jpg
Frogurt,2020-08-30 09:28:08,Photo 3107 pg2.jpg
PenDragon,2019-11-27 05:02:49,Photo 3108.jpg
XiChi,2019-02-02 18:02:33,Photo 3109 pg1.jpg
YoungBlood,2017-07-31 22:23:34,Photo 3109 pg2.jpg
Frogurt,2019-11-21 11:27:22,Photo 3110 .jpg
YoungBlood,2017-01-01 23:46:12,Photo 3111.jpg
XiChi,2020-11-06 06:08:21,Photo 3112.jpg
XiChi,2020-02-11 21:26:29,Photo 3113 pg1.jpg
Chickpea,2018-06-07 04:38:17,Photo 3113 pg2.jpg
XiChi,2019-05-09 00:46:06,Photo 3114 pg1.jpg
YoungBlood,2016-01-02 09:14:12,Photo 3114 pg2.jpg
XiChi,2015-05-31 19:10:37,Photo 3115 pg1.jpg
Chickpea,2015-09-03 08:24:30,Photo 3115 pg2.jpg
YoungBlood,2019-11-06 21:00:00,Photo 3116 pg1.jpg
Holmes,2020-09-05 14:46:56,Photo 3116 pg2.jpg
YoungBlood,2021-05-17 10:54:31,Photo 3117 .jpg
Chickpea,2019-05-02 14:35:11,Photo 3118.jpg
PenDragon,2017-12-24 22:38:28,Photo 3119.jpg
Chickpea,2021-07-04 20:35:17,Photo 3120.jpg
XiChi,2016-01-11 06:08:36,Photo 3121.jpg
Holmes,2021-06-18 03:55:45,Photo 3122.jpg
XiChi,2015-04-27 23:16:02,Photo 3123 pg1.jpg
YoungBlood,2017-07-20 01:09:39,Photo 3123 pg2.jpg
Holmes,2018-01-03 03:25:46,Photo 3124 pg1.jpg
XiChi,2015-03-03 11:49:39,Photo 3124 pg2.jpg
Holmes,2018-07-31 22:46:00,Photo 3125.jpg
Frogurt,2019-09-28 23:56:12,Photo 3126 .jpg
PenDragon,2015-05-02 19:21:04,Photo 3127.jpg
Holmes,2019-05-23 18:50:19,Photo 3128.jpg
Holmes,2021-09-15 02:58:12,Photo 3129.jpg
Chickpea,2016-01-19 07:04:24,Photo 3130 .jpg
Frogurt,2020-08-04 15:10:03,Photo 3131.jpg
Frogurt,2020-02-20 09:59:56,Photo 3132 pg1.jpg
Holmes,2015-10-06 03:27:13,Photo 3132 pg2.jpg
Frogurt,2020-05-31 02:07:42,Photo 3201 pg1.jpg
YoungBlood,2019-11-13 06:59:51,Photo 3201 pg2.jpg
Frogurt,2015-05-27 03:16:25,Photo 3202.jpg
Chickpea,2021-05-21 03:00:33,Photo 3203.jpg
Holmes,2015-10-01 13:50:53,Photo 3204 pg1.jpg
XiChi,2020-11-08 04:43:08,Photo 3204 pg2.jpg
Chickpea,2016-07-15 22:40:18,Photo 3205 pg1.jpg
XiChi,2015-06-26 04:00:44,Photo 3205 pg2.jpg
XiChi,2017-09-16 11:46:10,Photo 3206 pg1.jpg
Holmes,2020-06-21 06:01:45,Photo 3206 pg2.jpg
XiChi,2017-11-24 10:53:45,Photo 3207.jpg
XiChi,2017-07-05 16:09:26,Photo 3208 pg1.jpg
Chickpea,2020-05-04 08:25:47,Photo 3208 pg2.jpg
Chickpea,2016-07-06 21:49:08,Photo 3209 pg1.jpg
Chickpea,2019-04-11 17:02:30,Photo 3209 pg2.jpg
Holmes,2016-10-20 05:40:21,Photo 3210 pg1.jpg
Holmes,2015-03-15 22:49:54,Photo 3210 pg2.jpg
YoungBlood,2016-11-27 11:18:13,Photo 3210 pg3.jpg
YoungBlood,2021-11-24 13:36:28,Photo 3211 pg1.jpg
Holmes,2016-05-13 08:11:47,Photo 3211 pg2.jpg
YoungBlood,2020-06-02 17:21:41,Photo 3212 pg1.jpg
YoungBlood,2016-06-17 11:26:15,Photo 3212 pg2.jpg
Frogurt,2020-10-18 02:21:45,Photo 3212 pg3.jpg
Holmes,2016-03-14 10:47:52,Photo 3213 pg1.jpg
Frogurt,2016-05-23 21:50:15,Photo 3213 pg2.jpg
Holmes,2018-09-23 11:36:02,Photo 3213 pg3.jpg
Chickpea,2016-03-08 20:46:31,Photo 3214 pg1.jpg
YoungBlood,2019-06-25 06:12:51,Photo 3215 pg1.jpg
XiChi,2016-06-27 02:11:03,Photo 3215 pg2.jpg
Chickpea,2020-11-14 15:38:52,Photo 3215 pg3.jpg
XiChi,2017-06-25 10:10:20,Photo 3216 pg1.jpg
Frogurt,2020-04-09 04:40:48,Photo 3216 pg2.jpg
YoungBlood,2016-06-28 19:05:43,Photo 3216 pg3.jpg
XiChi,2017-10-20 20:41:08,Photo 3216 pg4.jpg
PenDragon,2016-07-25 20:18:27,Photo 3217 pg1.jpg
PenDragon,2016-06-26 12:49:32,Photo 3217 pg2.jpg
XiChi,2016-09-20 18:28:21,Photo 3218 pg1.jpg
PenDragon,2020-03-11 08:08:36,Photo 3218 pg2.jpg
XiChi,2021-04-06 18:26:48,Photo 3219 pg1.jpg
Holmes,2015-07-01 22:33:28,Photo 3219 pg2.jpg
YoungBlood,2020-12-03 02:24:11,Photo 3220 pg1.jpg
Frogurt,2018-10-18 23:31:28,Photo 3220 pg2.jpg
Frogurt,2015-06-09 14:11:20,Photo 3220 pg3.jpg
XiChi,2016-01-14 11:37:47,Photo 3221 pg1.jpg
Frogurt,2015-03-06 22:12:04,Photo 3221 pg2.jpg
Chickpea,2015-01-29 10:33:31,Photo 3222 pg1.jpg
XiChi,2020-12-13 01:30:39,Photo 3222 pg2.jpg
XiChi,2016-10-31 09:05:21,Photo 3223 pg1.jpg
PenDragon,2018-12-25 06:18:42,Photo 3223 pg2.jpg
XiChi,2021-12-21 14:38:46,Photo 3224 pg1.jpg
Holmes,2019-09-21 05:58:50,Photo 3224 pg2.jpg
YoungBlood,2021-01-30 18:01:32,Photo 3225 pg1.jpg
XiChi,2018-03-28 18:09:15,Photo 3225 pg2.jpg
Frogurt,2020-05-09 16:26:03,Photo 3226 pg1.jpg
YoungBlood,2015-03-31 15:07:15,Photo 3226 pg2.jpg
Frogurt,2018-01-03 04:44:09,Photo 3227 pg1.jpg
Holmes,2020-06-14 03:02:50,Photo 3227 pg2.jpg
XiChi,2016-11-06 03:17:10,Photo 3228.jpg
XiChi,2015-04-23 11:20:46,Photo 3229 pg1.jpg
Chickpea,2020-12-15 09:12:04,Photo 3229 pg2.jpg
Holmes,2019-12-30 10:13:17,Photo 3230 pg1.jpg
PenDragon,2015-08-27 02:14:58,Photo 3230 pg2.jpg
XiChi,2020-02-07 23:43:04,Photo 3231 pg1.jpg
PenDragon,2016-10-26 19:53:49,Photo 3231 pg2.jpg
XiChi,2018-06-08 23:56:53,Photo 3232 pg1.jpg
Chickpea,2019-08-22 13:36:33,Photo 3232 pg2.jpg
PenDragon,2018-01-17 13:18:05,Photo 3234 pg1.jpg
Holmes,2021-04-04 13:33:32,Photo 3234 pg2.jpg
Chickpea,2018-07-31 20:33:15,Photo 3235 pg1.jpg
Holmes,2021-05-21 18:15:03,Photo 3235 pg2.jpg
Frogurt,2015-01-01 05:28:16,Photo 3236.jpg
Chickpea,2018-01-18 20:09:30,Photo 3237.jpg
Chickpea,2015-07-27 15:06:54,Photo 3238.jpg
Chickpea,2017-06-26 00:42:23,Photo 3239 pg1.jpg
Holmes,2021-04-26 06:17:15,Photo 3239 pg2.jpg
Chickpea,2020-10-03 03:19:57,Photo 3240 pg2.jpg
YoungBlood,2018-11-18 09:38:13,Photo 3241 pg1.jpg
PenDragon,2019-03-10 04:12:32,Photo 3241 pg2.jpg
Chickpea,2020-12-01 03:31:46,Photo 3243 pg1.jpg
Frogurt,2015-04-11 13:08:10,Photo 3243 pg2.jpg
Holmes,2017-04-02 23:26:34,Photo 3244 pg1.jpg
Holmes,2015-10-29 14:42:41,Photo 3244 pg2.jpg
PenDragon,2020-09-10 15:15:42,Photo 3245 pg1.jpg
YoungBlood,2015-05-02 01:08:38,Photo 3245 pg2.jpg
Holmes,2021-06-28 19:49:29,Photo 3246 pg1.jpg
Chickpea,2018-06-15 16:13:18,Photo 3246 pg2.jpg
Frogurt,2018-06-21 00:42:07,Photo 3247 pg1.jpg
YoungBlood,2019-08-10 15:54:38,Photo 3247 pg2.jpg
YoungBlood,2020-02-08 22:06:37,Photo 3248.jpg
Frogurt,2016-02-11 14:52:59,Photo 5101.jpg
Chickpea,2020-06-14 20:47:43,Photo 5102 pg1.jpg
Chickpea,2017-10-04 18:34:26,Photo 5102 pg2.jpg
PenDragon,2018-09-05 09:30:44,Photo 5103.jpg
Holmes,2016-11-17 01:55:12,Photo 5104.jpg
Chickpea,2017-03-05 19:14:41,Photo 5105 pg1.jpg
Frogurt,2021-09-27 06:00:46,Photo 5105 pg2.jpg
Frogurt,2021-12-17 02:37:11,Photo 5106 pg1.jpg
YoungBlood,2017-08-21 22:41:03,Photo 5106 pg2.jpg
XiChi,2016-03-17 07:11:00,Photo 5107 pg1.jpg
PenDragon,2019-09-15 10:13:02,Photo 5107 pg2.jpg
XiChi,2019-12-23 00:02:51,Photo 5108.jpg
Holmes,2016-07-11 23:45:28,Photo 5109.jpg
PenDragon,2017-01-05 08:17:43,Photo 5110 pg1.jpg
Holmes,2017-09-22 01:03:48,Photo 5110 pg2.jpg
Chickpea,2020-09-24 03:03:03,Photo 5111 pg1.jpg
Chickpea,2021-10-26 04:01:19,Photo 5111 pg2.jpg
PenDragon,2019-03-21 05:07:22,Photo 5112.jpg
Frogurt,2020-08-13 21:16:19,Photo 5113.jpg
Holmes,2019-04-04 14:55:01,Photo 5114 pg1.jpg
XiChi,2017-02-07 11:45:25,Photo 5114 pg2.jpg
Holmes,2015-05-21 13:38:51,Photo 5115.jpg
XiChi,2019-05-08 22:16:34,Photo 5116.jpg
Chickpea,2021-06-02 22:55:55,Photo 5117 pg1.jpg
PenDragon,2021-12-05 04:39:09,Photo 5117 pg2.jpg
Frogurt,2021-08-13 01:56:58,Photo 5118 pg1.jpg
Frogurt,2019-10-29 16:20:21,Photo 5118 pg2.jpg
Holmes,2015-09-11 19:04:16,Photo 5119 pg1.jpg
PenDragon,2020-11-13 12:57:42,Photo 5119 pg2.jpg
Chickpea,2021-07-11 03:48:26,Photo 5120.jpg
Holmes,2018-09-13 13:47:50,Photo 5121.jpg
Holmes,2017-03-08 08:18:03,Photo 5122.jpg
XiChi,2015-09-05 22:49:46,Photo 5123.jpg
Holmes,2017-02-28 05:30:45,Photo 5124 pg1.jpg
XiChi,2020-11-27 05:03:56,Photo 5124 pg2.jpg
Frogurt,2015-09-14 10:30:43,Photo 5124 pg3.jpg
XiChi,2020-10-02 15:42:01,Photo 5125 pg1.jpg
YoungBlood,2018-09-05 14:25:27,Photo 5125 pg2.jpg
Chickpea,2016-03-17 21:44:50,Photo 5126.jpg
Chickpea,2020-01-12 18:42:38,Photo 5129 pg1.jpg
PenDragon,2020-04-12 08:31:50,Photo 5129 pg2.jpg
YoungBlood,2019-12-23 10:26:24,Photo 5129 pg3.jpg
PenDragon,2015-10-28 01:11:06,Photo 5130 pg1.jpg
YoungBlood,2018-11-13 21:01:04,Photo 5130 pg2.jpg
Holmes,2021-12-21 06:16:03,Photo 5130 pg3.jpg
XiChi,2015-12-30 21:48:12,Photo 5130 pg4.jpg
Frogurt,2021-03-12 09:58:27,Photo 5131 pg1.jpg
XiChi,2021-11-25 20:31:40,Photo 5131 pg2.jpg
YoungBlood,2018-11-30 12:47:58,Photo 5131 pg3.jpg
Holmes,2021-05-24 05:12:40,Photo 5132 pg1.jpg
YoungBlood,2020-08-27 03:27:31,Photo 5132 pg2.jpg
PenDragon,2018-02-04 08:04:54,Photo 5202 pg1.jpg
Frogurt,2021-10-02 22:53:44,Photo 5202 pg2.jpg
XiChi,2015-11-23 01:47:44,Photo 5203 pg1.jpg
XiChi,2019-10-05 19:53:48,Photo 5203 pg2.jpg
Holmes,2018-11-19 22:32:22,Photo 5204 pg1.jpg
Frogurt,2020-01-08 18:04:22,Photo 5204 pg2.jpg
Holmes,2021-08-21 07:50:26,Photo 5205 pg1.jpg
PenDragon,2018-10-02 02:18:13,Photo 5205 pg2.jpg
Frogurt,2018-04-09 22:19:42,Photo 5205 pg3.jpg
XiChi,2021-02-17 08:45:31,Photo 5206 pg1.jpg
Frogurt,2017-08-24 03:27:30,Photo 5206 pg2.jpg
XiChi,2019-05-09 01:34:09,Photo 5207.jpg
Frogurt,2018-09-23 20:35:59,Photo 5208 pg1.jpg
Holmes,2018-07-03 04:58:25,Photo 5208 pg2.jpg
Frogurt,2020-06-22 08:37:33,Photo 5209 pg1.jpg
Chickpea,2015-06-12 00:06:53,Photo 5209 pg2.jpg
Holmes,2018-08-28 21:06:56,Photo 5210.jpg
Holmes,2021-01-29 04:22:10,Photo 5213 pg1.jpg
YoungBlood,2017-05-22 18:00:43,Photo 5213 pg2.jpg
YoungBlood,2021-05-18 13:36:12,Photo 5213 pg3.jpg
Frogurt,2018-09-18 13:39:22,Photo 5214 pg1.jpg
XiChi,2018-10-09 07:47:41,Photo 5214 pg2.jpg
Frogurt,2017-05-25 18:49:30,Photo 5215 pg1.jpg
PenDragon,2015-10-23 04:59:49,Photo 5215 pg2.jpg
XiChi,2015-03-16 06:28:31,Photo 5215 pg3.jpg
XiChi,2019-11-13 20:12:16,Photo 5216 pg1.jpg
PenDragon,2019-03-03 20:18:50,Photo 5216 pg2.jpg
YoungBlood,2017-06-20 05:18:58,Photo 5217 pg1.jpg
YoungBlood,2019-12-28 19:51:54,Photo 5217 pg2.jpg
YoungBlood,2019-08-19 18:40:21,Photo 5218 pg1.jpg
YoungBlood,2018-02-05 07:15:59,Photo 5218 pg2.jpg
YoungBlood,2017-12-24 19:13:39,Photo 5219 pg1.jpg
Chickpea,2020-03-19 19:42:11,Photo 5219 pg2.jpg
Holmes,2015-03-28 11:47:40,Photo 5220 pg1.jpg
PenDragon,2016-03-18 11:43:21,Photo 5220 pg2.jpg
PenDragon,2020-07-01 01:09:08,Photo 5220 pg3.jpg
YoungBlood,2015-12-26 14:37:17,Photo 5221 pg1.jpg
Frogurt,2019-01-13 16:27:37,Photo 5221 pg2.jpg
PenDragon,2016-10-01 01:31:37,Photo 5222 pg1.jpg
Holmes,2015-12-03 17:47:33,Photo 5222 pg2.jpg
Holmes,2015-10-23 17:38:13,Photo 5223 pg1.jpg
PenDragon,2017-04-03 02:42:50,Photo 5223 pg2.jpg
PenDragon,2017-05-23 14:47:41,Photo 5223 pg3.jpg
Chickpea,2016-10-23 19:01:15,Photo 5224 pg1.jpg
YoungBlood,2021-04-10 19:23:05,Photo 5224 pg2.jpg
PenDragon,2019-06-10 20:16:17,Photo 5225 pg1.jpg
Frogurt,2018-09-03 23:21:10,Photo 5225 pg2.jpg
Frogurt,2015-03-23 11:29:20,Photo 5227 pg1.jpg
YoungBlood,2019-07-05 15:18:03,Photo 5227 pg2.jpg
Chickpea,2015-02-19 18:50:09,Photo 5228 pg1.jpg
Holmes,2016-08-13 23:31:15,Photo 5228 pg2.jpg
Frogurt,2017-05-20 15:53:41,Photo 5229 pg1.jpg
Holmes,2021-02-16 06:57:33,Photo 5229 pg2.jpg
Frogurt,2018-02-18 06:22:40,Photo 5230.jpg
Chickpea,2015-11-05 20:03:09,Photo 5232 pg1.jpg
YoungBlood,2017-06-27 13:55:56,Photo 5232 pg2.jpg
Chickpea,2019-11-20 11:12:36,Photo 5233.jpg
PenDragon,2018-10-02 19:13:18,Photo 5234 pg1.jpg
XiChi,2019-08-09 12:18:33,Photo 5234 pg2.jpg
XiChi,2021-01-24 21:31:32,Photo 5234 pg3.jpg
PenDragon,2018-12-20 19:49:07,Photo 5234 pg4.jpg
YoungBlood,2020-12-18 23:32:04,Photo 5235 pg1.jpg
XiChi,2019-02-13 21:53:47,Photo 5235 pg2.jpg
Chickpea,2016-06-01 05:01:57,Photo 5235 pg3.jpg
Holmes,2016-03-21 09:30:44,Photo 5236 pg1.jpg
XiChi,2015-03-10 11:20:04,Photo 5236 pg2.jpg
YoungBlood,2018-01-12 10:07:19,Photo 5236 pg3.jpg
PenDragon,2017-03-04 06:53:37,Photo 5237 pg1.jpg
PenDragon,2015-07-21 05:39:48,Photo 5237 pg2.jpg
XiChi,2019-02-04 13:51:44,Photo 5237 pg3.jpg
Frogurt,2015-08-31 19:55:28,Photo 5238 pg1.jpg
Holmes,2020-10-30 02:18:49,Photo 5238 pg2.jpg
XiChi,2019-04-28 18:25:15,Photo 5239 pg1.jpg
Chickpea,2020-04-15 23:56:04,Photo 5239 pg2.jpg
Chickpea,2021-04-24 04:08:43,Photo 5240 pg1.jpg
Holmes,2019-06-05 06:25:27,Photo 5240 pg2.jpg
Holmes,2020-01-26 15:43:55,Photo 5241 pg1.jpg
PenDragon,2021-12-16 10:01:46,Photo 5241 pg2.jpg
Holmes,2017-02-19 12:18:53,Photo 5242 pg1.jpg
Holmes,2015-04-28 05:33:24,Photo 5242 pg2.jpg
PenDragon,2017-10-31 23:04:22,Photo 5243 pg1.jpg
YoungBlood,2017-12-22 17:05:53,Photo 5243 pg2.jpg
XiChi,2021-08-03 20:11:39,Photo 5244 pg1.jpg
XiChi,2021-12-28 21:42:00,Photo 5244 pg2.jpg
Frogurt,2015-10-10 15:38:04,Photo 5245 pg1.jpg
PenDragon,2016-07-03 03:19:52,Photo 5245 pg2.jpg
Holmes,2019-10-05 08:33:45,Photo 5245 pg3.jpg
Frogurt,2020-07-31 12:19:30,Photo 5245 pg4.jpg
YoungBlood,2015-04-17 21:37:52,Photo 5245 pg5.jpg
YoungBlood,2017-01-23 09:18:54,Photo 5245 pg6.jpg
XiChi,2020-06-29 23:38:52,Photo 5245 pg7.jpg
Holmes,2015-04-21 15:25:09,Photo 5246 pg1.jpg
YoungBlood,2015-03-27 17:03:53,Photo 5246 pg2.jpg
PenDragon,2015-04-03 01:50:08,Photo 5247 pg1.jpg
Chickpea,2018-04-18 03:09:33,Photo 5247 pg2.jpg
YoungBlood,2019-01-22 07:07:39,Photo 5248 pg1.jpg
Frogurt,2018-04-25 22:55:47,Photo 5248 pg2.jpg
Chickpea,2017-09-27 05:49:51,Photo 5249 pg1.jpg
Chickpea,2017-05-28 07:14:37,Photo 5249 pg2.jpg
Holmes,2021-05-30 17:46:01,Photo 5250 pg1.jpg
XiChi,2016-07-03 05:15:33,Photo 5250 pg2.jpg
Holmes,2017-02-12 03:50:00,Photo 5250 pg3.jpg
Holmes,2019-08-03 09:55:38,Photo 5251 pg1.jpg
Chickpea,2020-08-01 22:09:51,Photo 5251 pg2.jpg
Holmes,2016-07-21 02:16:29,Photo 5252 pg1.jpg
Holmes,2018-09-06 14:20:19,Photo 5252 pg2.jpg
XiChi,2015-01-30 16:34:53,Photo 5253 pg1.jpg
PenDragon,2015-03-09 17:08:01,Photo 5253 pg2.jpg
Holmes,2020-03-22 19:56:34,Photo 5254 pg1.jpg
YoungBlood,2019-12-12 14:02:24,Photo 5254 pg2.jpg
Chickpea,2021-04-08 15:48:49,Photo 5254 pg3.jpg
XiChi,2016-03-02 10:22:52,Photo 5254 pg4.jpg
PenDragon,2018-11-10 11:51:35,Photo 5255 pg1.jpg
Holmes,2016-10-27 13:52:48,Photo 5255 pg2.jpg
Frogurt,2021-08-07 23:00:52,Photo 5256.jpg
YoungBlood,2018-10-11 07:41:27,Photo 5257 pg1.jpg
Frogurt,2015-01-04 17:22:02,Photo 5257 pg2.jpg
PenDragon,2016-08-28 13:30:16,Photo 5258 pg1.jpg
Frogurt,2018-02-26 16:41:08,Photo 5258 pg2.jpg
Chickpea,2016-07-15 21:07:25,Photo 5259 pg1.jpg
Frogurt,2016-10-21 23:55:19,Photo 5259 pg2.jpg
Chickpea,2018-08-12 06:27:21,Photo 5260.jpg
Frogurt,2016-03-04 03:45:10,Photo 5261 pg1.jpg
PenDragon,2015-10-03 20:44:38,Photo 5261 pg2.jpg
Chickpea,2021-04-04 22:06:12,Photo 5262 pg1.jpg
XiChi,2017-10-13 12:23:27,Photo 5262 pg2.jpg
Chickpea,2016-09-25 07:27:19,Photo 5263 pg1.jpg
XiChi,2016-05-11 16:31:16,Photo 5263 pg2.jpg
PenDragon,2018-04-05 10:29:15,Photo 5264 pg1.jpg
PenDragon,2019-07-13 14:47:58,Photo 5264 pg2.jpg
